,can,QED,logP,molWt,herg,drd3,fold,profile
0,COc1ccccc1N2CCN(CCCCOc3ccn4ncc(C#N)c4c3)CC2,0.536431814,3.19578,405.502,0,1,2,1
1,COc1ccccc1N2CCN(CCCCOc3ccn4ncc(C=O)c4c3)CC2,0.400504513,3.1366,408.502,0,1,2,1
2,COc1ccccc1N2CCN(CCCCc3cn(nn3)c4ccc(cc4)N(C)C)CC2,0.480756976,3.4868,434.588,0,1,2,1
3,COc1ccccc1N2CCN(CCCCc3onc(c3)c4cccs4)CC2,0.521496178,4.5566,397.544,0,1,2,1
4,COc1ccccc1N2CCN(CCCCn3cc(nn3)c4ccc(cc4)c5ccccc5)CC2,0.315826192,5.2231,467.617,0,1,2,1
5,COc1ccccc1N2CCN(CCCCn3cc(nn3)c4ccc5c(Cc6ccccc56)c4)CC2,0.2889516,5.1273,479.628,0,1,2,1
6,COc1ccccc1N2CCN(CCCNC(=O)Oc3ccc(cc3)c4cccc(c4)C(=O)N)CC2,0.445375829,3.7618,488.588,0,1,2,1
7,COc1ccccc1N2CCN(CCCNC(=O)Oc3ccc(cc3)c4ccccc4)CC2,0.511193217,4.6629,445.563,0,1,2,1
8,COc1ccccc1N2CCN(CCCNC(=O)Oc3cccc(c3)c4cccc(c4)C(=O)N)CC2,0.445375829,3.7618,488.588,0,1,2,1
9,COc1ccccc1N2CCN(CCCNC(=O)Oc3cccc4ccccc34)CC2,0.583335457,4.1491,419.525,0,1,2,1
10,COc1ccccc1N2CCN(CCCNC(=O)c3ccc(COCCOCCOCCOCCOCCOCc4ccc(cc4)C(=O)NCCCN5CCN(CC5)c6ccccc6OC)cc3)CC2,0.058950032,5.3878,969.234,0,1,2,1
11,COc1ccccc1N2CCN(CCCNC(=O)c3cnn4ccc(OCCOCCOCCOCCOc5ccn6ncc(C(=O)NCCCN7CCN(CC7)c8ccccc8OC)c6c5)cc34)CC2,0.066387801,4.391,977.177,0,1,2,1
12,COc1ccccc1N2CCN(CCCOc3ccc(cc3)c4cn5ccccc5n4)CC2,0.373209671,4.601,442.563,0,1,2,1
13,COc1ccccc1N2CCN(CCCOc3ccc4C=CC(=O)Nc4c3)CC2,0.625260425,3.1278,393.487,0,1,2,1
14,COc1ccccc1N2CCN(CCCc3cn(nn3)c4ccc(F)cc4)CC2,0.614990312,3.1698,395.482,0,1,2,1
15,COc1ccccc1N2CCN(CCCc3cn(nn3)c4ccc(cc4)N(C)C)CC2,0.55821576,3.0967,420.561,0,1,2,1
16,COc1ccccc1N2CCN(CCCc3cn(nn3)c4ccc(cc4)c5ccsc5)CC2,0.380222762,4.7592,459.619,0,1,2,1
17,COc1ccccc1N2CCN(CCCc3cn(nn3)c4ccccc4)CC2,0.633356897,3.0307,377.492,0,1,2,1
18,COc1ccccc1N2CCN(CCCc3cn(nn3)c4ccn5nccc5c4)CC2,0.460745502,2.6784,417.517,0,1,2,1
19,COc1ccccc1N2CCN(CCNC(=O)c3cn(nn3)c4ccc(cc4)[N+](=O)[O-])CC2,0.406371352,1.7361,451.487,0,1,2,1
20,COc1ccccc1N2CCN(CNC(=O)c3ccc(C)cc3)CC2,0.909110651,2.51312,339.439,0,1,2,1
21,COc1ccccc1N2CCN(C\C=C\CNC(=O)c3cc(I)ccc3OCCF)CC2,0.35910469,3.7563,553.416,0,1,2,1
22,COc1ccccc1N2CCN(C\C=C\CNC(=O)c3cc4cc(OCCF)ccc4[nH]3)CC2,0.446797753,3.633,466.557,0,1,2,1
23,COc1ccccc1N2CCN(C\C=C\CNC(=O)c3cc4cc(OCCOCCOCCF)ccc4[nH]3)CC2,0.206424158,3.6662,554.663,0,1,2,1
24,COc1ccccc1N2CCN(C\C=C\CNC(=O)c3ccc(OCCF)cc3)CC2,0.590663851,3.1517,427.52,0,1,2,1
25,COc1ccccc1N2CCN(C\C=C\CNC(=O)c3ccc(OCCOCCF)cc3)CC2,0.357753933,3.1683,471.573,0,1,2,1
26,COc1ccccc1N2CCN(Cc3cc(C#Cc4ccccc4)c5cccccc35)CC2,0.394941062,5.522,432.567,0,1,2,1
27,COc1ccccc1N2CCN(Cc3ccc(CNC(=O)c4ccc5ccccc5c4)cc3)CC2,0.412474621,5.1006,465.597,0,1,2,1
28,COc1ccccc1N2CCN(Cc3ccc(OCCCc4cn(CCCCCCCCCCn5cc(CCCOc6ccc(CN7CCN(CC7)c8ccccc8OC)cc6OC)nn5)nn4)c(OC)c3)CC2,0.038362217,9.3926,1013.342,0,1,2,1
29,COc1ccccc1N2CCN(Cc3ccc(OCCCc4cn(CCCCCCCCn5cc(CCCOc6ccc(CN7CCN(C)CC7)cc6OC)nn5)nn4)c(OC)c3)CC2,0.05028314,7.029,893.191,0,1,2,1
30,COc1ccccc1N2CCN(Cc3ccc(OCc4cn(CCCCCCCCn5cc(COc6ccc(CN7CCN(CC7)c8ccccc8OC)cc6OC)nn5)nn4)c(OC)c3)CC2,0.051918344,7.7472,929.18,0,1,2,1
31,COc1ccccc1N2CCN(Cc3cccc(OCCF)c3)CC2,0.768864156,3.3657,344.43,0,1,2,1
32,COc1ccccc1N2CCN(Cc3ccccc3CNC(=O)\C=C\c4ccccc4)CC2,0.528219264,4.347,441.575,0,1,2,1
33,COc1ccccc1N2CCN(Cc3cnn(c3)c4ccccc4)CC2,0.708974308,3.2031,348.45,0,1,2,1
34,COc1ccccc1N2CCN(Cc3cnn(c3)c4ccccn4)CC2,0.708508758,2.5981,349.438,0,1,2,1
35,COc1ccccc1NC2CCN(CCCCNC(=O)\C=C\c3ccccc3)CC2,0.458234145,4.1813,407.558,0,1,2,1
36,COc1ccccc1OCCNC[C@@H](O)c2ccc(O)c(O)c2,0.438096984,1.8084,319.357,0,1,2,1
37,CS(=O)(=O)CC(=O)N[C@@H]1CC[C@@H](CCN2CCC(CC2)c3cccc4OCCc34)CC1,0.69418199,2.9106,448.629,0,1,2,1
38,CS(=O)(=O)CC(=O)N[C@@H]1CC[C@@H](CCN2CCC(CC2)c3cccc4occc34)CC1,0.701169862,3.7219,446.613,0,1,2,1
39,CS(=O)(=O)CC(=O)N[C@@H]1CC[C@@H](CCN2CCN(CC2)c3cccc4OCOc34)CC1,0.674328097,1.647,451.589,0,1,2,1
40,CS(=O)(=O)CC(=O)N[C@@H]1CC[C@@H](CCN2CCN(CC2)c3nccc4OCCc34)CC1,0.668370879,1.2482,450.605,0,1,2,1
41,CS(=O)(=O)N[C@@H]1CC[C@@H](CCN2CCN(CC2)c3cccc4OCOc34)CC1,0.775333831,2.0354,409.552,0,1,2,1
42,CS(=O)(=O)N[C@@H]1CC[C@@H](CCN2CCN(CC2)c3nsc4ccccc34)CC1,0.775400923,2.9164,422.62,0,1,2,1
43,CS(=O)(=O)Nc1cccc(OCCNCc2ccccc2)c1,0.732030716,2.2267,320.414,0,1,2,1
44,CS(=O)(=O)Nc1cccc(c1)N2CCN(CCCCNC(=O)c3ccc4ccccc4c3)CC2,0.458029642,3.5435,480.634,0,1,2,1
45,CS(=O)(=O)Oc1ccc2CCN(CC[C@@H]3CC[C@H](CC3)NC(=O)\C=C\c4cccc(F)c4)CCc2c1,0.418980846,4.3432,514.663,0,1,2,1
46,CS(=O)(=O)Oc1cccc2[C@@H]3CCCN(CCCCNC(=O)c4ccc(cc4)c5ccccc5)[C@H]3CCc12,0.295188359,5.3964,532.706,0,1,2,1
47,CS(=O)(=O)c1ccc2CCN(CC[C@@H]3CC[C@H](CC3)NC(=O)\C=C\c4c(F)cccc4F)CCc2c1,0.548779118,4.5474,516.654,0,1,2,1
48,CS(=O)(=O)c1ccc2CCN(CC[C@@H]3CC[C@H](CC3)NC(=O)\C=C\c4cccc(F)c4)CCc2c1,0.574641086,4.4083,498.664,0,1,2,1
49,CS(=O)(=O)c1ccc2CCN(CC[C@@H]3CC[C@H](CC3)NC(=O)\C=C\c4cccc(c4)C#N)CCc2c1,0.571404375,4.14088,505.684,0,1,2,1
50,CS(=O)(=O)c1ccc2CCN(CC[C@@H]3CC[C@H](CC3)NC(=O)\C=C\c4ccccc4F)CCc2c1,0.574641086,4.4083,498.664,0,1,2,1
51,CS(=O)(=O)c1ccc2CCN(CC[C@@H]3CC[C@H](CC3)NC(=O)c4cccc5ccccc45)CCc2c1,0.511790799,5.0228,504.696,0,1,2,1
52,C[C@@H](CO)NC(=O)[C@H]1CN(C)[C@@H]2Cc3c[nH]c4cccc(C2=C1)c34,0.801650582,1.5346,325.412,0,1,2,1
53,C[C@@H](O)C(=O)N[C@@H]1CC[C@@H](CCN2CCC(CC2)c3cccc4OCOc34)CC1,0.765352775,3.0406,402.535,0,1,2,1
54,C[C@@H](O)CC(=O)N[C@@H]1CC[C@@H](CCN2CCC(CC2)c3noc4cc(Cl)ccc34)CC1,0.652998062,4.4966,448.007,0,1,2,1
55,C[C@@H](O)CN1CCN(CC1)c2cccc(Cl)c2Cl,0.925862553,2.4962,289.206,0,1,2,1
56,C[C@@H](Oc1cccc(Cn2c(C)c(C(=O)c3ccc(Cl)cc3)c4ccc(OC(F)(F)F)cc24)c1)C(=O)O,0.258092393,6.63292,531.914,0,1,2,1
57,C[C@@H]1C[C@@H](C)N1C(=O)[C@H]2CN(C)C3Cc4c[nH]c5cccc(C3=C2)c45,0.869929243,3.0469,335.451,0,1,2,1
58,C[C@@H]1NCCc2cc(O)c(O)cc12,0.52612521,1.3045,179.219,0,1,2,1
59,C[C@@]1(O)CC[C@H](CC1)C(=O)N[C@@H]2CC[C@@H](CCN3CCN(CC3)c4nccc5OCCc45)CC2,0.665179167,3.1448,470.658,0,1,2,1
60,C[C@H](CN1CCN(CC1)c2cc(F)c(F)cc2F)N3C(=O)CC4(CCCC4)CC3=O,0.550606512,3.3238,423.479,0,1,2,1
61,C[C@H]1Cc2c(Cc3ccccc3CCN1C)[nH]c4ccccc24,0.659998765,4.1776,304.437,0,1,2,1
62,C\C=C\CC(=O)N[C@@H]1CC[C@@H](CCN2CCC(CC2)c3cccc4OCCc34)CC1,0.654636304,4.8322,410.602,0,1,2,1
63,C\C=C\CC(=O)N[C@@H]1CC[C@@H](CCN2CCC(CC2)c3coc4ccccc34)CC1,0.60280784,5.6435,408.586,0,1,2,1
64,Cc1c(cnn1C2CCN(Cc3cccc(Cl)c3)CC2)c4ccccc4,0.621061228,5.34902,365.908,0,1,2,1
65,Cc1c(n[nH]c1c2ccc(Cl)cc2)C3CCN(Cc4ccccc4)CC3,0.669138068,5.41812,365.908,0,1,2,1
66,Cc1c(nc(O)n1C2CCN(Cc3ccccc3)CC2)c4cccc(Cl)c4,0.686707441,5.05462,381.907,0,1,2,1
67,Cc1c(nnn1Cc2ccccc2)C(=O)NCCCCCN3CCN(CC3)c4cccc(Cl)c4Cl,0.398072287,4.66392,515.489,0,1,2,1
68,Cc1cc(CC(=O)N[C@@H]2CC[C@@H](CCN3CCN(CC3)c4cccc5OCOc45)CC2)on1,0.688439135,3.14152,454.571,0,1,2,1
69,Cc1cc(CC(=O)N[C@@H]2CC[C@@H](CCN3CCN(CC3)c4nccc5OCCc45)CC2)on1,0.69010179,2.74272,453.587,0,1,2,1
70,Cc1cc(c2oc3cc4CCN(CCCSc5nnc(c6ocnc6C)n5C)CCc4cc3n2)n(C)n1,0.231401157,4.21164,518.647,0,1,2,1
71,Cc1cc(ccc1c2ccccc2)C(=O)NCCCCN3CCc4ccc(OS(=O)(=O)C(F)(F)F)cc4C3,0.219262558,5.45872,546.611,0,1,2,1
72,Cc1cc(nc(n1)C(F)(F)F)N2CCN(CCCCNC(=O)c3cn4ccccc4n3)CC2,0.54551983,2.78372,461.492,0,1,2,1
73,Cc1cc(on1)C(=O)N[C@@H]2CC[C@@H](CCN3CCC(CC3)c4coc5ccccc45)CC2,0.569745117,5.28752,435.568,0,1,2,1
74,Cc1cc2occc2c(n1)N3CCN(CC[C@@H]4CC[C@H](CC4)NC(=O)CC5CCOCC5)CC3,0.658621423,4.14002,468.642,0,1,2,1
75,Cc1ccc(C)c(c1)C(=O)CCCN2CCC(O)(CC2)c3ccc(Cl)cc3,0.718470059,4.90334,385.935,0,1,2,1
76,Cc1ccc(Cl)c(c1)N2CCN(CCCCNC(=O)c3ccc4OC(=O)Nc4c3)CC2,0.547810988,3.41512,442.947,0,1,2,1
77,Cc1ccc(OCCCNCCOc2ccccc2)cc1,0.716001834,3.43252,285.387,0,1,2,1
78,Cc1ccc(OCCNCCCOc2cccc(C)c2)cc1,0.715513047,3.74094,299.414,0,1,2,1
79,Cc1ccc(OCCNCCCOc2ccccc2)cc1C,0.715513047,3.74094,299.414,0,1,2,1
80,Cc1ccc(OCCNCCCOc2ccccc2)cc1Cl,0.706248452,4.08592,319.832,0,1,2,1
81,Cc1ccc(OCCNCCCOc2ccccc2C)cc1,0.715513047,3.74094,299.414,0,1,2,1
82,Cc1ccc(c(F)c1)C23CC2CN(CCCSc4nnc(c5ocnc5C)n4C)C3,0.419880234,3.98174,427.549,0,1,2,1
83,Cc1ccc(cc1)[C@H]2CCC[C@H]2NC[C@H](O)c3ccc(O)c4NC(=O)Sc34,0.541809215,3.56292,384.501,0,1,2,1
84,Cc1ccc(cc1C)N2CCN(Cc3ccc4NC(=O)COc4c3)CC2,0.92343808,2.95654,351.45,0,1,2,1
85,Cc1ccc(cc1C)N2CCN(Cc3ccc4OCC(=O)Nc4c3)CC2,0.92343808,2.95654,351.45,0,1,2,1
86,Cc1ccc(cn1)C(=O)N[C@@H]2CC[C@@H](CCN3CCC(CC3)c4coc5ccccc45)CC2,0.529138303,5.69452,445.607,0,1,2,1
87,Cc1ccc(cn1)C(=O)N[C@@H]2CC[C@@H](CCN3CCN(CC3)c4nccc5OCCc45)CC2,0.730299215,3.22082,449.599,0,1,2,1
88,Cc1ccc(s1)C(=O)N[C@@H]2CC[C@@H](CCN3CCN(CC3)c4cccc(Cl)c4Cl)CC2,0.562354525,5.86422,480.505,0,1,2,1
89,Cc1ccc2c(OCCN3CCC(Cc4ccc5OCC(=O)Nc5c4F)CC3)cc(Cl)cc2n1,0.534239427,5.00012,483.971,0,1,2,1
90,Cc1ccc2c(cccc2n1)C(=O)N[C@@H]3CC[C@@H](CCN4CCc5ccc(cc5CC4)S(=O)(=O)C)CC3,0.509585709,4.72622,519.711,0,1,2,1
91,Cc1ccc2c(cccc2n1)N3CCN(CCc4cccc(c4)N5CCOC5=O)CC3,0.632097162,3.86452,416.525,0,1,2,1
92,Cc1ccc2c(cccc2n1)N3CCN(CCc4cccc(c4)n5cccn5)CC3,0.508244502,4.09362,397.526,0,1,2,1
93,Cc1ccc2c(cccc2n1)c3nnc(SCCCN4CC5CC5(C4)c6ccccc6)n3C,0.286777674,5.09442,455.631,0,1,2,1
94,Cc1ccc2c(cccc2n1)c3nnc(SCCCN4CCc5cc6nc(C)sc6cc5CC4)n3C,0.209580982,5.83984,514.724,0,1,2,1
95,Cc1ccc2c(cccc2n1)c3nnc(SCCCN4CCc5cc6oc(nc6cc5CC4)C(C)(F)F)n3C,0.177777816,6.17462,548.663,0,1,2,1
96,Cc1ccc2c(cccc2n1)c3nnc(SCCCN4CCc5cc6ocnc6cc5CC4)n3C,0.246260718,5.06292,484.629,0,1,2,1
97,Cc1ccc2c(cccc2n1)c3nnc(SCCCN4CCc5ccc6oc(nc6c5CC4)C(F)(F)F)n3C,0.186700966,6.08172,552.626,0,1,2,1
98,Cc1ccc2c(cccc2n1)c3nnc(SCCCN4CCc5nc6ccc(cn6c5CC4)C(F)(F)F)n3C,0.202631361,5.58822,551.642,0,1,2,1
99,Cc1ccc2nc(cn2c1)c3ccc(OCCCCN4CCN(CC4)c5cccc(Cl)c5Cl)cc3,0.250824291,6.59772,509.481,0,1,2,1
100,Cc1cccc(N2CCN(CCCCNc3ccccn3)CC2)c1C,0.779944456,3.71274,338.499,0,1,2,1
101,Cc1cccc(c1)C(=O)NCN2CCN(CC2)c3ccccc3Cl,0.925888272,3.15792,343.858,0,1,2,1
102,Cc1cccc(c1)N2CCN(CC[C@@H]3CC[C@H](CC3)NC(=O)c4cccs4)CC2,0.756991655,4.55742,411.615,0,1,2,1
103,Cc1cccc(n1)N2CCN(CCCCNC(=O)c3oc4ccccc4c3)CC2,0.624076131,3.46842,392.503,0,1,2,1
104,Cc1cccc(n1)c2ccc(cc2)C(=O)NC\C=C\CN3CCN(CC3)c4cccc(Cl)c4Cl,0.441854529,5.47202,495.454,0,1,2,1
105,Cc1ccccc1N2CCN(CCCCNC(=O)Oc3cccc4ccccc34)CC2,0.558969355,4.83902,417.553,0,1,2,1
106,Cc1ccccc1N2CCN(CCCCc3onc(c3)c4ccccc4)CC2,0.555686049,4.79492,375.516,0,1,2,1
107,Cc1ccccc1N2CCN(CCCNC(=O)Oc3cccc4ccccc34)CC2,0.617893432,4.44892,403.526,0,1,2,1
108,Cc1ccccc1N2CCN(CC[C@@H]3CC[C@H](CC3)NC(=O)c4cccs4)CC2,0.756991655,4.55742,411.615,0,1,2,1
109,Cc1ccccc1[C@H]2CCC[C@H]2NC[C@H](O)c3ccc(O)c4NC(=O)Sc34,0.541809215,3.56292,384.501,0,1,2,1
110,Cc1ccccc1c2ccc(cc2)C(=O)NCCCCN3CCc4ccc(OS(=O)(=O)C(F)(F)F)cc4C3,0.219262558,5.45872,546.611,0,1,2,1
111,Cc1cccn2cc(nc12)c3ccc(OCCCCN4CCN(CC4)c5cccc(Cl)c5Cl)cc3,0.250824291,6.59772,509.481,0,1,2,1
112,Cc1ccn(CC(=O)N[C@@H]2CC[C@@H](CCN3CCC(CC3)c4noc5cc(F)ccc45)CC2)n1,0.556846002,4.41652,467.589,0,1,2,1
113,Cc1cnc(N2CCN(CC[C@@H]3CC[C@H](CC3)NC(=O)C4CCOCC4)CC2)c5ccoc15,0.71690718,3.74992,454.615,0,1,2,1
114,Cc1nc(C)c(s1)c2nnc(SCCCN3CCC4(CCc5ccc(F)cc45)C3)n2C,0.394274814,4.76664,457.644,0,1,2,1
115,Cc1nc(ccc1c2nnc(SCCCN3CC[C@]4(C[C@@H]4c5ccc(cc5)C(F)(F)F)C3)n2C)C(=O)O,0.313414763,5.26432,531.604,0,1,2,1
116,Cc1nc2c(OCCNCc3ccccc3)cccc2[nH]1,0.682781076,3.03992,281.359,0,1,2,1
117,Cc1ncccc1c2nnc(SCCCN3C[C@@H]4C[C@@]4(C3)c5ccc(cc5)C(F)(F)F)n2C,0.358614073,4.96002,473.568,0,1,2,1
118,Cc1ncoc1c2nnc(SCCCN3CC4CC4(C3)c5cc(ccc5F)C(F)(F)F)n2C,0.277243928,4.69212,481.519,0,1,2,1
119,Cc1ncoc1c2nnc(SCCCN3CC4CC4(C3)c5ccc(F)cc5)n2C,0.435083945,3.67332,413.522,0,1,2,1
120,Cc1ncoc1c2nnc(SCCCN3CC4CC4(C3)c5ccc(cc5)C(F)(F)F)n2C,0.378448614,4.55302,463.529,0,1,2,1
121,Cc1ncoc1c2nnc(SCCCN3CC4CC4(C3)c5cccc(Cl)c5)n2C,0.414314467,4.18762,429.977,0,1,2,1
122,Cc1ncoc1c2nnc(SCCCN3CC4CC4(C3)c5cccc(c5)S(F)(F)(F)(F)F)n2C,0.200133128,6.19162,521.581,0,1,2,1
123,Cc1ncoc1c2nnc(SCCCN3CC4CCN(C4C3)c5c(F)cccc5F)n2C,0.39307185,3.74962,460.554,0,1,2,1
124,Cc1ncoc1c2nnc(SCCCN3CC4CCN(C4C3)c5ccc(cc5F)C(F)(F)F)n2C,0.260963733,4.62932,510.561,0,1,2,1
125,Cc1ncoc1c2nnc(SCCCN3CCC4(CC4C3)c5ccccc5)n2C,0.435340802,3.92432,409.559,0,1,2,1
126,Cc1ncoc1c2nnc(SCCCN3CCC4(CCOc5ccccc45)C3)n2C,0.440627205,3.68692,425.558,0,1,2,1
127,Cc1ncoc1c2nnc(SCCCN3CCC4CC4(C3)c5ccc(cc5)C(F)(F)F)n2C,0.354813669,4.94312,477.556,0,1,2,1
128,Cc1ncoc1c2nnc(SCCCN3CCC4CC4(C3)c5ccccc5)n2C,0.435340802,3.92432,409.559,0,1,2,1
129,Cc1ncoc1c2nnc(SCCCN3CCOC(C3)c4ccc(cc4)C(F)(F)F)n2C,0.377921657,4.35302,467.517,0,1,2,1
130,Cc1ncoc1c2nnc(SCCCN3CC[C@]4(C[C@@H]4c5ccc(F)cc5F)C3)n2C,0.396424027,4.41852,445.539,0,1,2,1
131,Cc1ncoc1c2nnc(SCCCN3CC[C@]4(C[C@@H]4c5ccccc5C(F)(F)F)C3)n2C,0.346152054,5.15912,477.556,0,1,2,1
132,Cc1ncoc1c2nnc(SCCCN3CC[C@]4(C[C@H]4c5ccc(F)cc5C(F)(F)F)C3)n2C,0.251977798,5.29822,495.546,0,1,2,1
133,Cc1ncoc1c2nnc(SCCCN3CC[C@]4(C[C@H]4c5ccccc5C(F)(F)F)C3)n2C,0.346152054,5.15912,477.556,0,1,2,1
134,Cc1ncoc1c2nnc(SCCCN3CCc4cc5onc(C)c5cc4CC3)n2C,0.331791407,3.81114,438.557,0,1,2,1
135,Cc1ncoc1c2nnc(SCCCN3CCc4ccc5nc(oc5c4CC3)C(C)(F)F)n2C,0.275313475,4.61442,488.564,0,1,2,1
136,Cc1ncoc1c2nnc(SCCCNC3CC4CC4(C3)c5ccccc5)n2C,0.448440165,3.97062,409.559,0,1,2,1
137,Cc1ncoc1c2nnc(SCCCN[C@H]3CC[C@@]4(CC34)c5ccc(cc5)C(F)(F)F)n2C,0.364237756,4.98942,477.556,0,1,2,1
138,Cc1nn(cc1c2ccccc2)C3CCN(Cc4cccc(Cl)c4)CC3,0.621061228,5.34902,365.908,0,1,2,1
139,Cc1nn(cc1c2ccccc2)C3CCN(Cc4ccccc4)CC3,0.691029625,4.69562,331.463,0,1,2,1
140,Cc1oc(c(C)n1)c2nnc(SCCCN3CCC4CC4(CC3)c5ccc(cc5)C(F)(F)F)n2C,0.305919101,5.64164,505.61,0,1,2,1
141,Cc1oc(cn1)c2cccc(c2)C(=O)N[C@@H]3CC[C@@H](CCN4CCc5ccc(cc5CC4)S(=O)(=O)C)CC3,0.465815442,4.83302,535.71,0,1,2,1
142,Cc1oc(nc1)c2cccc(c2)C(=O)N[C@@H]3CC[C@@H](CCN4CCc5ccc(OS(=O)(=O)C)cc5CC4)CC3,0.402618833,4.76792,551.709,0,1,2,1
143,Cc1oc2c(Br)c3CCN(CCCSc4nnc(c5cccc6nc(C)ccc56)n4C)CCc3cc2n1,0.177542961,6.13384,577.552,0,1,2,1
144,Cc1oc2c(C)c3CCN(CCCCSc4nnc(c5cccc6nc(C)ccc56)n4C)CCc3cc2n1,0.188220456,6.06986,526.71,0,1,2,1
145,Cc1oc2cc3CCN(CCCSc4nnc(c5ccc(cc5)C(F)(F)F)n4C)CCc3cc2n1,0.255682762,5.53352,501.578,0,1,2,1
146,Cc1oc2cc3CCN(CCCSc4nnc(c5cccc6nc(C)ccc56)n4C)CCc3cc2n1,0.230110991,5.37134,498.656,0,1,2,1
147,Cc1oc2cc3CCN(CCCSc4nnc(c5cccnc5)n4C)CCc3cc2n1,0.336443142,3.90972,434.569,0,1,2,1
148,Cc1onc(n1)c2cccc(c2)C(=O)N[C@@H]3CC[C@@H](CCN4CCc5ccc(OS(=O)(=O)C)cc5CC4)CC3,0.414481267,4.16292,552.697,0,1,2,1
149,Cc1onc(n1)c2cccc(c2)C(=O)N[C@@H]3CC[C@@H](CCN4CCc5ccc(cc5CC4)S(=O)(=O)C)CC3,0.48178358,4.22802,536.698,0,1,2,1
150,ClC1=C(C=NN(Cc2cccc(NC(=O)c3ccc(cc3)c4ccccc4)c2)C1=O)N5CCNCC5,0.413896139,4.2739,500.002,0,1,2,1
151,ClC1CC(C1)C(=O)N[C@@H]2CC[C@@H](CCN3CCC(CC3)c4cccc5OCOc45)CC2,0.644523144,4.6772,447.019,0,1,2,1
152,Clc1cc(Cl)cc(c1)N2CCN(CCN3CCCCCC3)C2=O,0.811758353,4.1114,356.297,0,1,2,1
153,Clc1cc(Cl)cc(c1)N2CCN(CCN3Cc4ccccc4C3)C2=O,0.797745864,4.2512,376.287,0,1,2,1
154,Clc1ccc(N2CCN(CCCCN3CCn4c(cc5ccccc45)C3=O)CC2)c(Cl)c1,0.474255638,5.0063,471.432,0,1,2,1
155,Clc1ccc(N2CCN(CCCCNC(=O)c3cc4cc(Cl)ccc4[nH]3)CC2)c(Cl)c1,0.442428371,5.4603,479.839,0,1,2,1
156,Clc1ccc(NC(=O)N[C@@H]2CC[C@@H](CCN3CCN(CC3)c4cccc5OCOc45)CC2)cc1,0.606193331,4.9613,485.028,0,1,2,1
157,Clc1ccc(cc1)C(=O)CCCN2CCc3ccccc3CC2,0.758385827,4.4037,327.855,0,1,2,1
158,Clc1ccc(cc1)C(=O)N[C@@H]2CC[C@@H](CCN3CCC(CC3)c4cccc5OCCc45)CC2,0.581597346,5.8332,467.053,0,1,2,1
159,Clc1ccc(cc1)C(=O)N[C@@H]2CC[C@@H](CCN3CCC(CC3)c4cccc5OCOc45)CC2,0.596752974,5.627,469.025,0,1,2,1
160,Clc1ccc(cc1)C(=O)N[C@@H]2CC[C@@H](CCN3CCC(CC3)c4coc5ccccc45)CC2,0.444088985,6.6445,465.037,0,1,2,1
161,Clc1ccc(cc1)C(N2CCN(CCCCN3C(=O)c4ccccc4C3=O)CC2)c5ccccc5,0.326419078,5.1234,488.031,0,1,2,1
162,Clc1ccc(cc1)N2CC3CC2CN3Cc4c[nH]c5ncccc45,0.790889705,3.6794,338.842,0,1,2,1
163,Clc1ccc(cc1)N2CCC3CCC(C2)N3Cc4c[nH]c5ncccc45,0.742856991,4.4596,366.896,0,1,2,1
164,Clc1ccc(cc1)N2CCCN(CCCCc3nc4ccccc4s3)CC2,0.511034671,5.4847,399.991,0,1,2,1
165,Clc1ccc(cc1)N2CCCN(CCCc3nc4ccccc4s3)CC2,0.609022252,5.0946,385.964,0,1,2,1
166,Clc1ccc(cc1)N2CCCN(Cc3c[nH]c4ncccc34)CC2,0.784285755,3.9286,340.858,0,1,2,1
167,Clc1ccc(cc1)N2CCN(CCCCCc3oc4ccccc4n3)CC2,0.536294907,5.0162,383.923,0,1,2,1
168,Clc1ccc(cc1)N2CCN(CCCOc3ccc(cc3)c4nc5ccccc5[nH]4)CC2,0.381927426,5.4744,446.982,0,1,2,1
169,Clc1ccc(cc1)N2CCN(CCCc3oc4ccccc4n3)CC2,0.685048214,4.236,355.869,0,1,2,1
170,Clc1ccc(cc1)N2CCN(Cc3c[nH]c4ccccc34)CC2,0.781421619,4.1435,325.843,0,1,2,1
171,Clc1ccc(cc1)N2CCN(Cc3ccc4NC(=O)COc4c3)CC2,0.916840387,2.9931,357.841,0,1,2,1
172,Clc1ccc(cc1Cl)N2CCN(Cc3cn4cc(Br)ccc4n3)CC2,0.589113033,4.7258,440.172,0,1,2,1
173,Clc1ccc2C(=C3CCN(CCCCNC(=O)c4cc5ccccc5s4)CC3)c6ncccc6CCc2c1,0.263421448,7.1562,542.148,0,1,2,1
174,Clc1ccc2N(C3CCN(CCCCOc4ccc5CCC(=O)Nc5c4)CC3)C(=O)Nc2c1,0.504680531,4.3638,468.985,0,1,2,1
175,Clc1ccc2N(C3CCN(CCCCc4nc5ccccc5s4)CC3)C(=O)Nc2c1,0.416273228,5.2525,441,0,1,2,1
176,Clc1ccc2Nc3ccccc3C(=Nc2c1)N4CCN(Cc5ccc(OCCCN6CCCCC6)cc5)CC4,0.342339653,6.5479,544.143,0,1,2,1
177,Clc1ccc2[nH]cc(CCN(CC=C)CC=C)c2c1,0.755272633,4.0378,274.795,0,1,2,1
178,Clc1ccc2c(noc2c1)C3CCN(CC[C@@H]4CC[C@H](CC4)NC(=O)CC5CCC6(CC5)OCCO6)CC3,0.457921336,6.0491,544.136,0,1,2,1
179,Clc1ccc2c(noc2c1)C3CCN(CC[C@@H]4CC[C@H](CC4)NC(=O)CCC#N)CC3,0.649764106,5.02948,442.991,0,1,2,1
180,Clc1cccc(CN2CCN(CCN3Cc4ccccc4C3)C2=O)c1,0.819025328,3.5934,355.869,0,1,2,1
181,Clc1cccc(N2CCN(CCC3CCC(CC3)NC(=O)c4cccs4)CC2)c1Cl,0.606011797,5.5558,466.478,0,1,2,1
182,Clc1cccc(N2CCN(CCCCNC(=O)C3c4ccccc4c5ccccc35)CC2)c1Cl,0.420488544,5.8243,494.466,0,1,2,1
183,Clc1cccc(N2CCN(CCCCNC(=O)Oc3cccc4OCCOc34)CC2)c1Cl,0.591140772,4.4554,480.392,0,1,2,1
184,Clc1cccc(N2CCN(CCCCNC(=O)Oc3cccc4sccc34)CC2)c1Cl,0.429837502,5.8989,478.445,0,1,2,1
185,Clc1cccc(N2CCN(CCCCNC(=O)[C@@H]3CC[C@H](CC3)c4ccccc4)CC2)c1Cl,0.464240985,5.9858,488.503,0,1,2,1
186,Clc1cccc(N2CCN(CCCCNC(=O)c3cc4CCc5ccc(CCc3cc4)cc5)CC2)c1Cl,0.365029373,6.2094,536.547,0,1,2,1
187,Clc1cccc(N2CCN(CCCCNC(=O)c3cc4cc(Br)ccc4[nH]3)CC2)c1Cl,0.397891959,5.5694,524.29,0,1,2,1
188,Clc1cccc(N2CCN(CCCCNC(=O)c3cc4ccc(cc4[nH]3)C#N)CC2)c1Cl,0.492148171,4.67858,470.404,0,1,2,1
189,Clc1cccc(N2CCN(CCCCNC(=O)c3ccc(I)s3)CC2)c1Cl,0.39892484,4.9917,538.282,0,1,2,1
190,Clc1cccc(N2CCN(CCCCNC(=O)c3ccc(cc3)c4cccnc4)CC2)c1Cl,0.436949259,5.3876,483.443,0,1,2,1
191,Clc1cccc(N2CCN(CCCCNC(=O)c3ccc4Cc5ccccc5c4c3)CC2)c1Cl,0.325341778,5.8968,494.466,0,1,2,1
192,Clc1cccc(N2CCN(CCCCNC(=O)c3ccc4ccccc4c3)CC2)c1Cl,0.478648484,5.4788,456.417,0,1,2,1
193,Clc1cccc(N2CCN(CCCCNC(=O)c3ccccc3)CC2)c1Cl,0.695863371,4.3256,406.357,0,1,2,1
194,Clc1cccc(N2CCN(CCCCNC(=O)c3cnc4ccccc4c3)CC2)c1Cl,0.514486942,4.8738,457.405,0,1,2,1
195,Clc1cccc(N2CCN(CCCCNC(=O)c3cnc4ccccc4n3)CC2)c1Cl,0.536278208,4.2688,458.393,0,1,2,1
196,Clc1cccc(N2CCN(CCCCNC(=O)c3cncc(Br)c3)CC2)c1Cl,0.586960045,4.4831,486.241,0,1,2,1
197,Clc1cccc(N2CCN(CCCCNc3cc(ccn3)c4ccccc4)CC2)c1Cl,0.41803571,6.0697,455.433,0,1,2,1
198,Clc1cccc(N2CCN(CCCCNc3ccc(cn3)c4ccccc4)CC2)c1Cl,0.41803571,6.0697,455.433,0,1,2,1
199,Clc1cccc(N2CCN(CCCCOc3cc4ccccn4n3)CC2)c1Cl,0.52350076,4.6223,419.356,0,1,2,1
200,Clc1cccc(N2CCN(CCCCOc3ccc4ccnn4c3)CC2)c1Cl,0.52350076,4.6223,419.356,0,1,2,1
201,Clc1cccc(N2CCN(CCCCOc3cccc4c(C=O)cnn34)CC2)c1Cl,0.377760819,4.4348,447.366,0,1,2,1
202,Clc1cccc(N2CCN(CCCCOc3ccn4ncc(C#N)c4c3)CC2)c1Cl,0.502839091,4.49398,444.366,0,1,2,1
203,Clc1cccc(N2CCN(CCCCc3cn(nn3)c4ccc5[nH]ccc5c4)CC2)c1Cl,0.378293297,5.2003,469.42,0,1,2,1
204,Clc1cccc(N2CCN(CCCCc3cn(nn3)c4ccc5c(Cc6ccccc56)c4)CC2)c1Cl,0.237487771,6.2902,518.492,0,1,2,1
205,Clc1cccc(N2CCN(CCCCc3cn(nn3)c4ccn5ncc(C=O)c5c4)CC2)c1Cl,0.268273728,4.1792,498.418,0,1,2,1
206,Clc1cccc(N2CCN(CCCCn3cc(nn3)c4ccc(cc4)c5ccccc5)CC2)c1Cl,0.25511372,6.5213,506.481,0,1,2,1
207,Clc1cccc(N2CCN(CCCCn3cc(nn3)c4ccc5ccccc5c4)CC2)c1Cl,0.303922596,6.0075,480.443,0,1,2,1
208,Clc1cccc(N2CCN(CCCCn3cc(nn3)c4ccc5ncccc5c4)CC2)c1Cl,0.330961136,5.4025,481.431,0,1,2,1
209,Clc1cccc(N2CCN(CCCNC(=O)C3c4ccccc4c5ccccc35)CC2)c1Cl,0.47801187,5.4342,480.439,0,1,2,1
210,Clc1cccc(N2CCN(CCCNC(=O)Oc3ccc4c(c3)[nH]c5ccccc45)CC2)c1Cl,0.324502155,5.9286,497.426,0,1,2,1
211,Clc1cccc(N2CCN(CCCNC(=O)c3cccc4c3Cc5ccccc45)CC2)c1Cl,0.370118666,5.5067,480.439,0,1,2,1
212,Clc1cccc(N2CCN(CCNC(=O)c3ccc(cc3)C#Cc4ccccc4)CC2)c1Cl,0.527833974,4.9452,478.423,0,1,2,1
213,Clc1cccc(N2CCN(CCNC(=O)c3cccc(c3)C#Cc4ccccc4)CC2)c1Cl,0.527833974,4.9452,478.423,0,1,2,1
214,Clc1cccc(N2CCN(CC[C@@H]3CC[C@H](CC3)NC(=O)C4CCCC4)CC2)c1Cl,0.630444922,5.3707,452.47,0,1,2,1
215,Clc1cccc(N2CCN(CC[C@@H]3CC[C@H](CC3)NC(=O)c4ccccc4)CC2)c1Cl,0.619046976,5.4943,460.449,0,1,2,1
216,Clc1cccc(N2CCN(CC[C@@H]3CC[C@H](CC3)NC(=O)c4cccs4)CC2)c1Cl,0.606011797,5.5558,466.478,0,1,2,1
217,Clc1cccc(N2CCN(CCc3cn(nn3)c4ccn5nccc5c4)CC2)c1Cl,0.473089834,3.5865,442.354,0,1,2,1
218,Clc1cccc(N2CCN(C[C@@H]3C[C@H]3CNC(=O)c4ccnc5ccccc45)CC2)c1Cl,0.567367837,4.7297,469.416,0,1,2,1
219,Clc1cccc(N2CCN(C\C=C\CNC(=O)c3ccc(cc3)c4ccccn4)CC2)c1Cl,0.473792799,5.1636,481.427,0,1,2,1
220,Clc1cccc(N2CCN(C\C=C\CNC(=O)c3ccc4c(Cc5ccccc45)c3)CC2)c1Cl,0.352432962,5.6728,492.45,0,1,2,1
221,Clc1cccc(N2CCN(C\C=C\CNC(=O)c3ccccn3)CC2)c1Cl,0.747943187,3.4966,405.329,0,1,2,1
222,Clc1cccc(N2CCN(C\C=C\CNC(=O)c3oc4ccccc4c3)CC2)c1Cl,0.55277285,4.8478,444.362,0,1,2,1
223,Clc1cccc(N2CCN(Cc3cccs3)CC2)c1Cl,0.825515254,4.3771,327.28,0,1,2,1
224,Clc1cccc(c1)N2CCN(CCN3CCCCCC3)C2=O,0.848821908,3.458,321.852,0,1,2,1
225,Clc1cccc(c1)N2CCN(CCN3Cc4ccccc4C3)C2=O,0.849196373,3.5978,341.842,0,1,2,1
226,Clc1ccccc1CN2CCN(CCN3Cc4ccccc4C3)C2=O,0.819025328,3.5934,355.869,0,1,2,1
227,Clc1ccccc1N2CCN(CCCCN3CCc4ccccc4C3=O)CC2,0.690552296,3.9407,397.95,0,1,2,1
228,Clc1ccccc1N2CCN(CCCCNC(=O)c3ccc(cc3)c4ccccc4)CC2,0.473279915,5.3392,448.01,0,1,2,1
229,Clc1ccccc1N2CCN(CCCOc3ccc(cc3)c4nc5ccccc5[nH]4)CC2,0.381927426,5.4744,446.982,0,1,2,1
230,Clc1ccccc1N2CCN(CC[C@@H]3CC[C@H](CC3)NC(=O)c4cccs4)CC2,0.705857861,4.9024,432.033,0,1,2,1
231,Clc1ccccc1N2CCN(Cc3c[nH]c4ccc(cc34)C#N)CC2,0.775761712,4.01518,350.853,0,1,2,1
232,Cn1c(SCCCN2CC3CCN(C3C2)c4ccc(F)cc4)nnc1C5CCOCC5,0.479934563,3.5411,445.608,0,1,2,1
233,Cn1c(SCCCN2CC3CCN(C3C2)c4ccc(F)cc4C(F)(F)F)nnc1c5cnccn5,0.270855726,4.1229,507.561,0,1,2,1
234,Cn1c(SCCCN2CC3CCN(C3C2)c4ccccc4)nnc1C5CCOCC5,0.498552524,3.402,427.618,0,1,2,1
235,Cn1c(SCCCN2CC3CCN(C3C2)c4ccccc4C(F)(F)F)nnc1c5ccncc5,0.358293151,4.5888,488.583,0,1,2,1
236,Cn1c(SCCCN2CC3CCN(C3C2)c4ccccc4C(F)(F)F)nnc1c5cnccn5,0.367463928,3.9838,489.571,0,1,2,1
237,Cn1c(SCCCN2CC3CCN(C3C2)c4ccccc4F)nnc1c5cnccn5,0.414038048,3.1041,439.564,0,1,2,1
238,Cn1c(SCCCN2CCC3(CC2)CCN(CC3)c4cccc(c4)C#N)nnc1c5ccccc5,0.337120461,5.21858,486.689,0,1,2,1
239,Cn1c(SCCCN2CCC3CC3(CC2)c4ccc(cc4)C(F)(F)F)nnc1c5ccnnc5,0.350895494,4.8268,488.583,0,1,2,1
240,Cn1c(SCCCN2CCOC(C2)c3ccc(cc3)C(F)(F)F)nnc1c4ccc(cc4)c5occn5,0.213883063,5.7116,529.588,0,1,2,1
241,Cn1c(SCCCN2CCOC(C2)c3ccc(cc3)C(F)(F)F)nnc1c4ccc(cc4)c5ocnn5,0.229785513,5.1066,530.576,0,1,2,1
242,Cn1c(SCCCN2CCOC(C2)c3ccc(cc3)C(F)(F)F)nnc1c4ccc(nc4)C(=O)N,0.368510103,3.5505,506.554,0,1,2,1
243,Cn1c(SCCCN2CC[C@]3(C[C@@H]3c4ccc(F)cc4F)C2)nnc1c5cccnc5,0.398632205,4.5171,441.551,0,1,2,1
244,Cn1c(SCCCN2CC[C@]3(C[C@@H]3c4ccc(cc4)C(F)(F)F)C2)nnc1C5CC6CCC(C5)O6,0.360248169,5.6207,506.638,0,1,2,1
245,Cn1c(SCCCN2CC[C@]3(C[C@@H]3c4ccc(cc4)C(F)(F)F)C2)nnc1C5CCOCC5,0.408038554,5.0897,480.6,0,1,2,1
246,Cn1c(SCCCN2CC[C@]3(C[C@@H]3c4ccc(cc4)C(F)(F)F)C2)nnc1c5ccc(CC(=O)N)cc5,0.315565406,4.8905,529.632,0,1,2,1
247,Cn1c(SCCCN2CC[C@]3(C[C@@H]3c4ccc(cc4)C(F)(F)F)C2)nnc1c5ccnnc5,0.366977136,4.6527,474.556,0,1,2,1
248,Cn1c(SCCCN2CC[C@]3(C[C@H]3c4ccc(cc4)C(F)(F)F)C2)nnc1c5cccnn5,0.366977136,4.6527,474.556,0,1,2,1
249,Cn1c(SCCCN2CC[C@]3(C[C@H]3c4ccc(cc4)C(F)(F)F)C2)nnc1c5nccs5,0.33912611,5.3192,479.597,0,1,2,1
250,Cn1c(SCCCN2C[C@@H]3C[C@@]3(C2)c4ccc(cc4)C(F)(F)F)nnc1c5cncnc5,0.391770933,4.0466,460.529,0,1,2,1
251,Cn1cc(CN2CCC(O)(CC2)c3ccc(Cl)cc3)c4ccccc14,0.758541963,4.3153,354.881,0,1,2,1
252,FC(CCNC(=O)c1ccc2ccccc2c1)CN3CCN(CC3)c4cccc(Cl)c4Cl,0.496479541,5.4268,474.407,0,1,2,1
253,FC(F)(F)C(=O)N[C@@H]1CC[C@@H](CCN2CCC(CC2)c3cccc4OCCc34)CC1,0.760518578,4.4283,424.507,0,1,2,1
254,FC(F)(F)C(=O)N[C@@H]1CC[C@@H](CCN2CCN(CC2)c3cccc4OCOc34)CC1,0.782549436,3.1647,427.467,0,1,2,1
255,FC(F)(F)C(=O)N[C@@H]1CC[C@@H](CCN2CCN(CC2)c3nccc4OCCc34)CC1,0.784860103,2.7659,426.483,0,1,2,1
256,FC(F)(F)C1(CC1)C(=O)N[C@@H]2CC[C@@H](CCN3CCC(CC3)c4cccc5OCOc45)CC2,0.641034176,5.0023,466.544,0,1,2,1
257,FC(F)(F)C1CCN(CCN2CCN(C2=O)c3cccc(Cl)c3)CC1,0.798677165,3.8563,375.822,0,1,2,1
258,FC(F)(F)C1CCN(CCN2CCN(C2=O)c3cccc(c3)C#N)CC1,0.822936308,3.07458,366.387,0,1,2,1
259,FC(F)(F)CCC(=O)N[C@@H]1CC[C@@H](CCN2CCC(CC2)c3coc4ccccc34)CC1,0.561086637,6.0198,450.545,0,1,2,1
260,FC(F)(F)S(=O)(=O)Oc1ccc2CCN(CCCCNC(=O)\C=C/c3ccccc3)Cc2c1,0.254141088,3.8829,482.524,0,1,2,1
261,FC(F)(F)S(=O)(=O)Oc1ccc2CCN(CCCCNC(=O)\C=C\c3ccc4ccccc4n3)Cc2c1,0.18953909,4.4311,533.572,0,1,2,1
262,FC(F)(F)S(=O)(=O)Oc1ccc2CCN(CCCCNC(=O)c3cccc(c3)c4ccccc4)Cc2c1,0.23442801,5.1503,532.584,0,1,2,1
263,FC(F)(F)S(=O)(=O)Oc1cccc2[C@H]3CCN(CC=C)[C@H]3CCc12,0.469401745,3.2051,361.385,0,1,2,1
264,FC(F)(F)c1cc(cc(c1)N2CCN(CCCCNC(=O)c3cn4ccccc4n3)CC2)C#N,0.534724808,3.55698,470.499,0,1,2,1
265,FC(F)(F)c1ccc(OCCCN2CCN(CC2)c3ccccn3)cc1,0.730285261,3.6915,365.399,0,1,2,1
266,FC(F)(F)c1ccc(cc1)C(=O)N[C@@H]2CC[C@@H](CCN3CCC(CC3)c4cccc5OCCc45)CC2,0.513681299,6.1986,500.605,0,1,2,1
267,FC(F)(F)c1ccc(cc1)C(=O)N[C@@H]2CC[C@@H](CCN3CCN(CC3)c4nccc5OCCc45)CC2,0.628948906,4.5362,502.581,0,1,2,1
268,FC(F)(F)c1cccc(c1)N2CCN(CCCCN3Cc4ccccc4C3=O)CC2,0.657342847,4.2636,417.475,0,1,2,1
269,FC(F)(F)c1ccccc1N2CCN(CCCNC(=O)Oc3cccc4ccccc34)CC2,0.519705556,5.1593,457.496,0,1,2,1
270,FC(F)(F)c1nc2c(OCCNCc3ccccc3)cccc2[nH]1,0.674684917,3.7503,335.329,0,1,2,1
271,FC(F)(F)c1nc2c(cccc2[nH]1)N3CCN(Cc4ccccc4)CC3,0.769335287,3.9039,360.383,0,1,2,1
272,FC(F)(F)c1nc2c(cccc2[nH]1)[n+]3cc[n+](Cc4ccccc4)cc3,0.562544951,3.1942,356.351,0,1,2,1
273,FC1(F)CC1C(=O)N[C@@H]2CC[C@@H](CCN3CCC(CC3)c4coc5ccccc45)CC2,0.673545791,5.3325,430.539,0,1,2,1
274,FC1(F)CC1C(=O)N[C@@H]2CC[C@@H](CCN3CCN(CC3)c4cccc5OCOc45)CC2,0.74355496,3.2576,435.515,0,1,2,1
275,FCCN1CN(c2ccccc2)C3(CCN(Cc4coc5ccccc45)CC3)C1=O,0.639995158,4.0432,407.489,0,1,2,1
276,FCCOc1cccc(c1)N2CCN(CCCCNC(=O)c3ccc4nonc4c3)CC2,0.484496127,2.9033,441.507,0,1,2,1
277,FCCOc1ccccc1N2CCN(CCCCNC(=O)c3ccc(cc3)n4ccnc4)CC2,0.439039529,3.5528,465.573,0,1,2,1
278,FCCOc1ccccc1N2CCN(Cc3cc4ccccn4n3)CC2,0.681325909,3.0048,354.429,0,1,2,1
279,F[C@H](CCNC(=O)c1oc2ccccc2c1)CN3CCN(CC3)c4cccc(Cl)c4Cl,0.533740394,5.0198,464.368,0,1,2,1
280,Fc1ccc(C2CCN(CC[C@@H]3CC[C@H](CC3)NC(=O)C4CCOCC4)CC2)c5ccoc15,0.645659979,5.243,456.602,0,1,2,1
281,Fc1ccc(C2CCN(CC[C@@H]3CC[C@H](CC3)NC(=O)CC4CCOCC4)CC2)c5ccoc15,0.569570479,5.6331,470.629,0,1,2,1
282,Fc1ccc(CCCCN2CCN(CC2)c3ccc(Cl)cc3)cc1,0.703844995,4.624,346.877,0,1,2,1
283,Fc1ccc(CN2CC3COc4ccc(cc4C3C2)C#N)cc1,0.853807726,3.30538,308.356,0,1,2,1
284,Fc1ccc(CN2C[C@H]3COc4ccc(cc4[C@@H]3C2)C#N)cc1,0.853807726,3.30538,308.356,0,1,2,1
285,Fc1ccc(OCCCN2CCN(CC2)c3ncccn3)cc1,0.764414192,2.2068,316.38,0,1,2,1
286,Fc1ccc(SCCCN2CCN(CC2)c3ccc(Cl)cc3)cc1,0.537493773,4.7835,364.917,0,1,2,1
287,Fc1ccc(SCCCN2CCN(CC2)c3ccc(cc3)C(F)(F)F)cc1,0.377553351,5.1489,398.469,0,1,2,1
288,Fc1ccc(SCCCN2CCN(CC2)c3ccccn3)cc1,0.595437084,3.5251,331.46,0,1,2,1
289,Fc1ccc(SCCCN2CCc3ccccc3C2)cc1,0.595887302,4.3662,301.43,0,1,2,1
290,Fc1ccc(\C=C\C(=O)N[C@@H]2CC[C@@H](CCN3CCc4cc(ccc4C3)C#N)CC2)cc1,0.66650356,4.83398,431.555,0,1,2,1
291,Fc1ccc(\C=C\C(=O)N[C@@H]2CC[C@@H](CCN3Cc4ccc(Br)cc4C3)CC2)cc1,0.550031538,5.6823,471.414,0,1,2,1
292,Fc1ccc(cc1)C(=O)CCCN2C3CCC2CN(CC3)c4ccc(Cl)cc4,0.623571589,5.1853,400.925,0,1,2,1
293,Fc1ccc(cc1)C(=O)CCCN2CCC(CC2)(OC(=O)CCC(=O)OC3(CCN(CCCC(=O)c4ccc(F)cc4)CC3)c5ccc(Cl)cc5)c6ccc(Cl)cc6,0.076765602,9.7468,833.8,0,1,2,1
294,Fc1ccc(cc1)C(=O)CCCN2CCC(CC2)(OC(=O)CCCC(=O)OC3(CCN(CCCC(=O)c4ccc(F)cc4)CC3)c5ccc(Cl)cc5)c6ccc(Cl)cc6,0.072224135,10.1369,847.827,0,1,2,1
295,Fc1ccc(cc1)C(=O)CCCN2CCC(CC2)(OC(=O)CCCCCCCC(=O)OC3(CCN(CCCC(=O)c4ccc(F)cc4)CC3)c5ccc(Cl)cc5)c6ccc(Cl)cc6,0.043735214,11.6973,903.935,0,1,2,1
296,Fc1ccc(cc1)C(=O)CCCN2CCC(CC2)(OC(=O)CCCCCCCCCCCCCCC(=O)OC3(CCN(CCCC(=O)c4ccc(F)cc4)CC3)c5ccc(Cl)cc5)c6ccc(Cl)cc6,0.030169282,14.428,1002.124,0,1,2,1
297,Fc1ccc(cc1)C(=O)CCCN2CCC(CC2)(OC(=O)CCCCCCCCCCCCCCCCC(=O)OC3(CCN(CCCC(=O)c4ccc(F)cc4)CC3)c5ccc(Cl)cc5)c6ccc(Cl)cc6,0.027957306,15.2082,1030.178,0,1,2,1
298,Fc1ccc(cc1)C(=O)CCCN2CCN(CC2)c3ccc(Cl)cc3,0.718841093,4.2642,360.86,0,1,2,1
299,Fc1ccc(cc1)C(=O)CCCN2CCN(CC2)c3ccccn3,0.764394213,3.0058,327.403,0,1,2,1
300,Fc1ccc(cc1)C(=O)CCCN2CCN3C(CCc4ccccc34)C2,0.762092261,3.9256,352.453,0,1,2,1
301,Fc1ccc(cc1)C(CCCN2CCC(CC2)NC(=O)OCCc3ccc(cc3)C#N)c4ccc(F)cc4,0.348739902,6.18188,517.62,0,1,2,1
302,Fc1ccc(cc1)C(CCCN2CCN(CC2)C(=O)CCCc3ccccc3)c4ccc(F)cc4,0.355977355,6.044,476.611,0,1,2,1
303,Fc1ccc(cc1)C(OC2CC3CCC(C2)N3CC=C)c4ccc(F)cc4,0.64481266,5.2522,369.455,0,1,2,1
304,Fc1ccc(cc1)C(OC2CC3CCC(C2)N3Cc4cccc5ccccc45)c6ccc(F)cc6,0.291327035,7.4196,469.575,0,1,2,1
305,Fc1ccc(cc1)C(OC2CC3CCC(C2)N3Cc4ccccc4)c5ccc(F)cc5,0.467114354,6.2664,419.515,0,1,2,1
306,Fc1ccc(cc1)N2CCN(CCC3OCCc4ccccc34)CC2,0.844865086,3.6518,340.442,0,1,2,1
307,Fc1ccc(cc1)S(=O)(=O)N[C@@H]2CC[C@@H](CCN3CCC(CC3)c4cccc5OCCc45)CC2,0.606864113,4.8674,486.653,0,1,2,1
308,Fc1ccc(cc1)c2cc(CCCCN3CCN(CC3)C(c4ccccc4)c5ccccc5)on2,0.272890361,6.2106,469.604,0,1,2,1
309,Fc1ccc(cc1)c2cc(CCCCN3CCN(CC3)c4ccccc4)on2,0.560671507,4.6256,379.479,0,1,2,1
310,Fc1ccc(cc1)c2cccc(CN3CCN(CC3)c4ncccn4)c2,0.721029776,3.6049,348.425,0,1,2,1
311,Fc1ccc(cc1)c2cncc(CN3CCN(CC3)c4ccccc4)c2,0.704703891,4.2099,347.437,0,1,2,1
312,Fc1ccc(cc1Cl)N2CCN(CCN3CCCCCC3)C2=O,0.837674143,3.5971,339.842,0,1,2,1
313,Fc1ccc(cc1Cl)N2CCN(CCN3Cc4ccccc4C3)C2=O,0.831116293,3.7369,359.832,0,1,2,1
314,Fc1ccc2OCC3CN(Cc4ccccc4)CC3c2c1,0.836938815,3.4337,283.346,0,1,2,1
315,Fc1ccc2c(noc2c1)C3CCN(CC4CC(=O)c5cn[nH]c5C4)CC3,0.76760074,3.3147,368.412,0,1,2,1
316,Fc1ccc2c(noc2c1)C3CCN(CC4CC(=O)c5cncnc5C4)CC3,0.693640186,3.3816,380.423,0,1,2,1
317,Fc1ccc2c(noc2c1)C3CCN(CC[C@@H]4CC[C@H](CC4)NC(=O)C5CCOCC5)CC3,0.684634523,4.638,457.59,0,1,2,1
318,Fc1ccc2c(noc2c1)C3CCN(CC[C@@H]4CC[C@H](CC4)NC(=O)c5ccc(cc5)N6CCS(=O)(=O)CC6)CC3,0.429253625,4.76,582.742,0,1,2,1
319,Fc1ccc2c(noc2c1)C3CCN(CC[C@@H]4CC[C@H](CC4)NC(=O)c5ccc(nn5)N6CCOCC6)CC3,0.481186526,4.1518,536.652,0,1,2,1
320,Fc1ccc2c(noc2c1)C3CCN(CC[C@@H]4CC[C@H](CC4)NC(=O)c5ccc6OCOc6c5)CC3,0.505267688,5.2539,493.579,0,1,2,1
321,Fc1ccc2c(noc2c1)C3CCN(CC[C@@H]4CC[C@H](CC4)NS(=O)(=O)c5ccc(Cl)cc5)CC3,0.431353295,5.7271,520.07,0,1,2,1
322,Fc1ccc2c(noc2c1)C3CCN(CC[C@@H]4CC[C@H](CC4)NS(=O)(=O)c5cccnc5)CC3,0.530210024,4.4687,486.613,0,1,2,1
323,Fc1cccc(N2CCN(CCCCNC(=O)c3cc4CCc5ccc(CCc3cc4)cc5)CC2)c1F,0.451523896,5.1808,503.637,0,1,2,1
324,Fc1cccc(c1)C(=O)NC\C=C\CN2CCN(CC2)c3cccc(Cl)c3Cl,0.707886536,4.2407,422.331,0,1,2,1
325,Fc1cccc(c1)N2CCN(CCN3CCCCCC3)C2=O,0.854902113,2.9437,305.397,0,1,2,1
326,Fc1cccc(c1)c2cccc(CN3CCN(CC3)c4ncccn4)c2,0.721029776,3.6049,348.425,0,1,2,1
327,Fc1ccccc1N2CCN(CCCCNc3ccc(cn3)c4ccccc4)CC2,0.541180177,4.902,404.533,0,1,2,1
328,Fc1ccccc1S(=O)(=O)n2cc(C3=CCNCC3)c4ccccc24,0.782563263,3.3941,356.422,0,1,2,1
329,N#Cc1ccc2OC[C@H]3CN(Cc4ccccc4)C[C@@H]3c2c1,0.852101517,3.16628,290.366,0,1,2,1
330,N#Cc1cccc(c1)[C@@H]2CCCN(CCc3ccccc3)C2,0.851316504,3.98038,290.41,0,1,2,1
331,NC(=O)c1cccc(c1)c2ccc(OC(=O)NCCCCN3CCN(CC3)c4cccc(Cl)c4Cl)cc2,0.352063486,5.4501,541.479,0,1,2,1
332,NC(=O)c1cccc(c1)c2cccc(OC(=O)NCCCCN3CCN(CC3)c4ccccc4)c2,0.457145469,4.1433,472.589,0,1,2,1
333,NC(=O)c1cccc(c1)c2cccc(OC(=O)NCCCN3CCN(CC3)c4cccc(Cl)c4Cl)c2,0.400204427,5.06,527.452,0,1,2,1
334,NCC1CC1c2cc(F)c(F)cc2OCC=C,0.801458509,2.5918,239.265,0,1,2,1
335,NCCc1ccc(O)c(O)c1,0.544872839,0.599,153.181,0,1,2,1
336,NCCc1cccc2c1ccn2S(=O)(=O)c3ccccc3,0.804262179,2.3795,300.383,0,1,2,1
337,NC[C@H]1C[C@@H]1c2cc(F)ccc2OCC=C,0.775036325,2.4527,221.275,0,1,2,1
338,N[C@@H]1CC[C@@H](CCN2CCN(CC2)c3nsc4ccccc34)CC1,0.924003331,3.3259,344.528,0,1,2,1
339,Nc1ccc(cc1)C#CCCN2CCC(=CC2)c3ccccc3,0.690043407,3.7997,302.421,0,1,2,1
340,Nc1ccc(cn1)C#CCCN2CCC(=CC2)c3ccccc3,0.885501654,3.1947,303.409,0,1,2,1
341,Nc1cccc(c1)C(=O)NC\C=C\CN2CCN(CC2)c3cccc(Cl)c3Cl,0.554091328,3.6838,419.356,0,1,2,1
342,O=C(CC#N)N[C@@H]1CC[C@@H](CCN2CCC(CC2)c3cccc4OCCc34)CC1,0.796059444,3.77968,395.547,0,1,2,1
343,O=C(CC#N)N[C@@H]1CC[C@@H](CCN2CCN(CC2)c3nccc4OCCc34)CC1,0.791870368,2.11728,397.523,0,1,2,1
344,O=C(CC1CCCO1)N[C@@H]2CC[C@@H](CCN3CCN(CC3)c4nccc5OCCc45)CC2,0.700522927,2.7727,442.604,0,1,2,1
345,O=C(CC1CCOCC1)N[C@@H]2CC[C@@H](CCN3CCC(CC3)c4cccc5OCCc45)CC2,0.649810729,4.6827,454.655,0,1,2,1
346,O=C(CC1CCOCC1)N[C@@H]2CC[C@@H](CCN3CCC(CC3)c4cccc5OCOc45)CC2,0.655728885,4.4765,456.627,0,1,2,1
347,O=C(CC1CCOCC1)N[C@@H]2CC[C@@H](CCN3CCN(CC3)c4nccc5OCCc45)CC2,0.680425995,3.0203,456.631,0,1,2,1
348,O=C(CC1COC1)N[C@@H]2CC[C@@H](CCN3CCC(CC3)c4coc5ccccc45)CC2,0.699134909,4.7138,424.585,0,1,2,1
349,O=C(CC1COC1)N[C@@H]2CC[C@@H](CCN3CCN(CC3)c4cccc5OCOc45)CC2,0.719069351,2.6389,429.561,0,1,2,1
350,O=C(CC1COCCO1)N[C@@H]2CC[C@@H](CCN3CCC(CC3)c4cccc5OCCc45)CC2,0.678447064,3.6715,456.627,0,1,2,1
351,O=C(CC1COCCO1)N[C@@H]2CC[C@@H](CCN3CCC(CC3)c4cccc5occc45)CC2,0.668203247,4.4828,454.611,0,1,2,1
352,O=C(CC1COCCO1)N[C@@H]2CC[C@@H](CCN3CCN(CC3)c4cccc5OCOc45)CC2,0.671362246,2.4079,459.587,0,1,2,1
353,O=C(CCCCN1CCN2C(CCc3ccccc23)C1)c4ccccc4,0.577961658,4.1766,348.49,0,1,2,1
354,O=C(CCCN1CCc2ccccc2C1)c3ccc4NC(=O)Cc4c3,0.854421717,3.2024,334.419,0,1,2,1
355,O=C(C[C@@H]1CCCCO1)N[C@@H]2CC[C@@H](CCN3CCC(CC3)c4cccc5OCOc45)CC2,0.648830985,4.619,456.627,0,1,2,1
356,O=C(C[C@@H]1CCCO1)N[C@@H]2CC[C@@H](CCN3CCC(CC3)c4cccc5OCOc45)CC2,0.684852389,4.2289,442.6,0,1,2,1
357,O=C(C[C@@H]1CCCO1)N[C@@H]2CC[C@@H](CCN3CCN(CC3)c4nccc5OCCc45)CC2,0.700522927,2.7727,442.604,0,1,2,1
358,O=C(C[C@H]1CCCOC1)N[C@@H]2CC[C@@H](CCN3CCC(CC3)c4cccc5OCOc45)CC2,0.655728885,4.4765,456.627,0,1,2,1
359,O=C(Cc1ccc2OCOc2c1)N[C@@H]3CC[C@@H](CCN4CCC(CC4)c5cccc6OCCc56)CC3,0.602082884,4.8374,490.644,0,1,2,1
360,O=C(Cc1ccc2OCOc2c1)N[C@@H]3CC[C@@H](CCN4CCN(CC4)c5cccc6OCOc56)CC3,0.632250065,3.5738,493.604,0,1,2,1
361,O=C(Cc1noc2ccccc12)N[C@@H]3CC[C@@H](CCN4CCC(CC4)c5cccc6OCCc56)CC3,0.493052001,5.2499,487.644,0,1,2,1
362,O=C(N1CCC(CCN2CCN(CC2)c3nsc4ccccc34)CC1)c5occc5,0.620698134,3.9538,424.57,0,1,2,1
363,O=C(NC1CCC(CCN2CCC(CC2)c3cccc4OCCc34)CC1)c5ccc6ncccc6c5,0.486646701,5.728,483.656,0,1,2,1
364,O=C(NC1CCC(CCN2CCN(CC2)c3ccccc3)CC1)C4CCCCC4,0.770022579,4.454,397.607,0,1,2,1
365,O=C(NC1CCC(CCN2CCN(CC2)c3ccccc3)CC1)c4cccs4,0.791509049,4.249,397.588,0,1,2,1
366,O=C(NCCCCN1CCC(=C2c3ccccc3CC(=O)c4sccc24)CC1)c5ccc6ccccc6c5,0.286269519,6.748,520.698,0,1,2,1
367,O=C(NCCCCN1CCCN(CC1)C(c2ccccc2)c3ccccc3)c4cc5ccccc5s4,0.279394113,6.2086,497.708,0,1,2,1
368,O=C(NCCCCN1CCN(CC1)c2cc3CCc4ccc(CCc2cc3)cc4)c5cc6CCc7ccc(CCc5cc6)cc7,0.23855168,6.7864,597.847,0,1,2,1
369,O=C(NCCCCN1CCN(CC1)c2cc3CCc4ccc(CCc2cc3)cc4)c5cc6ccccc6s5,0.296681295,6.1173,523.746,0,1,2,1
370,O=C(NCCCCN1CCN(CC1)c2cccc3NC(=O)Cc23)c4ccc5ccccc5c4,0.548318231,3.6666,442.563,0,1,2,1
371,O=C(NCCCCN1CCN(CC1)c2cccc3ccccc23)c4ccccc4,0.618183903,4.172,387.527,0,1,2,1
372,O=C(NCCCCN1CCN(CC1)c2ccccc2)c3oc4ccccc4c3,0.637057884,3.765,377.488,0,1,2,1
373,O=C(NCCCCN1CC[C@@H]2[C@@H]1CCc3ccccc23)c4ccc(cc4)c5ccccc5,0.495888653,5.6679,424.588,0,1,2,1
374,O=C(NCCCCN1CC[C@H]2[C@@H]1CCc3ccccc23)c4ccc(cc4)c5ccccc5,0.495888653,5.6679,424.588,0,1,2,1
375,O=C(NCCCCN1CCc2ccccc2C1)\C=C\c3ccccc3,0.619035885,3.6545,334.463,0,1,2,1
376,O=C(NCCCCN1CCc2ccccc2C1)c3ccc(cc3)c4ccccc4,0.586431882,4.9219,384.523,0,1,2,1
377,O=C(NCCCCN1C[C@@H]2COc3ccc(cc3[C@H]2C1)C#N)c4ccc(cc4)c5ccccc5,0.522088624,4.84328,451.57,0,1,2,1
378,O=C(NCCCCN1C[C@H]2COc3ccc(cc3[C@@H]2C1)C#N)c4ccc(cc4)c5ccccc5,0.522088624,4.84328,451.57,0,1,2,1
379,O=C(NCCCN1CCN(CC1)c2ccccc2)c3cccc4c3Cc5ccccc45,0.483199519,4.1999,411.549,0,1,2,1
380,O=C(NC[C@@H]1CC[C@@H](CN2CCN(CC2)c3nsc4ccccc34)CC1)c5occc5,0.623504279,4.2477,438.597,0,1,2,1
381,O=C(N[C@@H]1CC[C@@H](CCN2CCC(CC2)c3cccc4OCCc34)CC1)C5CCC5,0.74117282,4.6661,410.602,0,1,2,1
382,O=C(N[C@@H]1CC[C@@H](CCN2CCC(CC2)c3cccc4OCCc34)CC1)C5CCOC5,0.749543466,3.9025,426.601,0,1,2,1
383,O=C(N[C@@H]1CC[C@@H](CCN2CCC(CC2)c3cccc4OCCc34)CC1)C5CCOCC5,0.716890518,4.2926,440.628,0,1,2,1
384,O=C(N[C@@H]1CC[C@@H](CCN2CCC(CC2)c3cccc4OCCc34)CC1)c5ccc(cc5)c6cccnc6,0.409535193,6.2418,509.694,0,1,2,1
385,O=C(N[C@@H]1CC[C@@H](CCN2CCC(CC2)c3cccc4OCCc34)CC1)c5ccc(nc5)N6CCOCC6,0.585792085,4.4114,518.702,0,1,2,1
386,O=C(N[C@@H]1CC[C@@H](CCN2CCC(CC2)c3cccc4OCOc34)CC1)C5CCOC5,0.748779706,3.6963,428.573,0,1,2,1
387,O=C(N[C@@H]1CC[C@@H](CCN2CCC(CC2)c3cccc4OCOc34)CC1)C5CCOCC5,0.719218321,4.0864,442.6,0,1,2,1
388,O=C(N[C@@H]1CC[C@@H](CCN2CCC(CC2)c3cccc4OCOc34)CC1)C5COc6ccccc6C5,0.62351363,4.9111,490.644,0,1,2,1
389,O=C(N[C@@H]1CC[C@@H](CCN2CCC(CC2)c3cccc4OCOc34)CC1)c5ccnc6ccccc56,0.497988763,5.5218,485.628,0,1,2,1
390,O=C(N[C@@H]1CC[C@@H](CCN2CCC(CC2)c3cccc4occc34)CC1)C5CCOCC5,0.681409161,5.1039,438.612,0,1,2,1
391,O=C(N[C@@H]1CC[C@@H](CCN2CCC(CC2)c3coc4ccccc34)CC1)C5CC5,0.742403629,5.0873,394.559,0,1,2,1
392,O=C(N[C@@H]1CC[C@@H](CCN2CCC(CC2)c3coc4ccccc34)CC1)C5CCC5,0.688540215,5.4774,408.586,0,1,2,1
393,O=C(N[C@@H]1CC[C@@H](CCN2CCC(CC2)c3coc4ccccc34)CC1)C5CCCO5,0.719763374,4.8563,424.585,0,1,2,1
394,O=C(N[C@@H]1CC[C@@H](CCN2CCC(CC2)c3coc4ccccc34)CC1)C5CCCOC5,0.681409161,5.1039,438.612,0,1,2,1
395,O=C(N[C@@H]1CC[C@@H](CCN2CCC(CC2)c3coc4ccccc34)CC1)C5CCOCC5,0.681409161,5.1039,438.612,0,1,2,1
396,O=C(N[C@@H]1CC[C@@H](CCN2CCC(CC2)c3coc4ccccc34)CC1)c5ccc(cc5)N6CCCCC6,0.370194513,6.9814,513.726,0,1,2,1
397,O=C(N[C@@H]1CC[C@@H](CCN2CCC(CC2)c3coc4ccccc34)CC1)c5ccc(cc5)c6ccccc6,0.279851438,7.6581,506.69,0,1,2,1
398,O=C(N[C@@H]1CC[C@@H](CCN2CCC(CC2)c3coc4ccccc34)CC1)c5ccccc5,0.522291248,5.9911,430.592,0,1,2,1
399,O=C(N[C@@H]1CC[C@@H](CCN2CCN(CC2)c3cccc4OCOc34)CC1)C5CCOCC5,0.729312172,3.029,443.588,0,1,2,1
400,O=C(N[C@@H]1CC[C@@H](CCN2CCN(CC2)c3cccc4OCOc34)CC1)c5ccc(cc5)C#N,0.706866091,3.78788,460.578,0,1,2,1
401,O=C(N[C@@H]1CC[C@@H](CCN2CCN(CC2)c3cccc4OCOc34)CC1)c5ccc(cc5)N6CCOCC6,0.596535567,3.7528,520.674,0,1,2,1
402,O=C(N[C@@H]1CC[C@@H](CCN2CCN(CC2)c3cccc4OCOc34)CC1)c5ccnc6ccccc56,0.55486604,4.4644,486.616,0,1,2,1
403,O=C(N[C@@H]1CC[C@@H](CCN2CCN(CC2)c3nccc4OCCc34)CC1)C5CCC5,0.778430229,3.0037,412.578,0,1,2,1
404,O=C(N[C@@H]1CC[C@@H](CCN2CCN(CC2)c3nccc4OCCc34)CC1)c5ccc(cc5)N6CCCCC6,0.583381635,4.5077,517.718,0,1,2,1
405,O=C(N[C@@H]1CC[C@@H](CCN2CCN(CC2)c3nccc4OCCc34)CC1)c5ccc(cc5)c6cccnc6,0.500853054,4.5794,511.67,0,1,2,1
406,O=C(N[C@@H]1CC[C@@H](CCN2CCN(CC2)c3nccc4OCCc34)CC1)c5ccc6ncccc6c5,0.567783237,4.0656,485.632,0,1,2,1
407,O=C(N[C@@H]1CC[C@@H](CCN2CCN(CC2)c3nccc4occc34)CC1)C5CC5,0.810623269,3.4249,396.535,0,1,2,1
408,O=C(N[C@@H]1CC[C@@H](CCN2CCN(CC2)c3nccc4occc34)CC1)C5CCOCC5,0.742053771,3.4415,440.588,0,1,2,1
409,O=C(N[C@@H]1CC[C@@H](CCN2CCN(CC2)c3nccc4sccc34)CC1)C5CCOCC5,0.714264583,3.91,456.656,0,1,2,1
410,O=C(N[C@@H]1CC[C@@H](CCN2CCN(CC2)c3nsc4ccccc34)CC1)C5CC5,0.781910636,3.8934,412.603,0,1,2,1
411,O=C(N[C@@H]1CC[C@@H](CCN2CCN(CC2)c3nsc4ccccc34)CC1)Nc5ccccc5,0.528229069,5.1889,463.651,0,1,2,1
412,O=C(N[C@@H]1CC[C@@H](CCN2CCN(CC2)c3nsc4ccccc34)CC1)Nc5cccnc5,0.558476279,4.5839,464.639,0,1,2,1
413,O=C(N[C@@H]1CC[C@@H](CCN2CCN(CC2)c3nsc4ccccc34)CC1)c5ccccc5,0.588639962,4.7972,448.636,0,1,2,1
414,O=C(N[C@@H]1CC[C@@H](CCN2CCN(CC2)c3nsc4ccccc34)CC1)c5cccs5,0.577932402,4.8587,454.665,0,1,2,1
415,O=C(N[C@@H]1CC[C@@H](CCN2CCc3ccc(cc3CC2)C#N)CC1)c4cc5ccccc5[nH]4,0.597511122,4.81908,440.591,0,1,2,1
416,O=C(N[C@@H]1CC[C@@H](CCN2CCc3ccc(cc3CC2)C#N)CC1)c4ccc5ccccc5c4,0.55795407,5.49098,451.614,0,1,2,1
417,O=C(N[C@@H]1CC[C@@H](CCN2CCc3ccc(cc3CC2)C#N)CC1)c4cccc5ccccc45,0.55795407,5.49098,451.614,0,1,2,1
418,O=C(N[C@@H]1CC[C@@H](CCN2Cc3ccc(cc3C2)C#N)CC1)c4cc5ccccc5[nH]4,0.636085994,4.73408,412.537,0,1,2,1
419,O=C(OC1(CCN(CCc2ccccc2)CC1)c3nccc4ccccc34)c5ccccc5,0.367732823,5.6256,436.555,0,1,2,1
420,O=C1CC2(CCCC2)CC(=O)N1CCCCN3CCN(CC3)c4ncccn4,0.551662996,2.0882,385.512,0,1,2,1
421,O=C1COc2cc(CN3CCN(CC3)c4ccccc4)ccc2N1,0.941603649,2.3397,323.396,0,1,2,1
422,O=C1COc2ccc(CN3CCN(CC3)c4ccccc4)cc2N1,0.941603649,2.3397,323.396,0,1,2,1
423,O=C1Cc2c(N1)cccc2N3CCN(Cc4ccccc4)CC3,0.946201182,2.5034,307.397,0,1,2,1
424,O=C1Cc2ccccc2C(=C3CCN(CCCCN4C(=O)c5ccccc5C4=O)CC3)c6ccsc16,0.34766526,5.461,496.632,0,1,2,1
425,O=C1Cc2ccccc2N1CCCCN3CCN(CC3)c4ccccc4,0.749646736,3.1781,349.478,0,1,2,1
426,O=C1N(CCCCN2CCC3CCCCC3C2)C(=O)c4ccccc14,0.607590725,3.5749,340.467,0,1,2,1
427,O=C1N(CCCCN2CCCN(CC2)C(c3ccccc3)c4ccccc4)C(=O)c5ccccc15,0.350590158,4.8601,467.613,0,1,2,1
428,O=C1N(CCCCN2CCN(CC2)c3cccc(c3)C#N)CCn4c1cc5ccccc45,0.564592976,3.57118,427.552,0,1,2,1
429,O=C1N(CCCCN2CCN(CC2)c3ccccc3)C=Nc4ccccc14,0.632346622,2.9989,362.477,0,1,2,1
430,O=C1N(CCCCN2CCN(CC2)c3ccccc3)S(=O)(=O)c4ccccc14,0.698504299,2.4335,399.516,0,1,2,1
431,O=C1N(CCCCN2CCN(CC2)c3ccccn3)CCCc4ccccc14,0.724524254,3.0724,378.52,0,1,2,1
432,O=C1N(CCCCN2CCc3ccccc3C2)C(=O)c4ccccc14,0.623007885,3.1211,334.419,0,1,2,1
433,O=C1NCN(c2ccccc2)C13CCN(CCCCc4oc5ccccc5n4)CC3,0.636559746,3.579,404.514,0,1,2,1
434,O=C1Oc2cc(CNCCNc3ccccc3)ccc2C=C1,0.541884704,2.9947,294.354,0,1,2,1
435,O=CN[C@@H]1CC[C@@H](CCN2CCC(CC2)c3cccc4OCCc34)CC1,0.793442565,3.4958,356.51,0,1,2,1
436,O=S(=O)(N[C@@H]1CC[C@@H](CCN2CCC(CC2)c3cccc4OCCc34)CC1)c5ccccc5,0.638362647,4.7283,468.663,0,1,2,1
437,O=S(=O)(N[C@@H]1CC[C@@H](CCN2CCC(CC2)c3cccc4OCOc34)CC1)N5CCOCC5,0.647846021,2.7102,479.643,0,1,2,1
438,O=S(=O)(Nc1ccc2CCN(Cc3cc[nH]n3)CCc2c1)c4ccc(nc4)N5CCOCC5,0.570629635,2.0429,468.583,0,1,2,1
439,OC(C(=O)N[C@@H]1CC[C@@H](CCN2CCC(CC2)c3cccc4OCCc34)CC1)C(F)(F)F,0.686794625,3.7892,454.533,0,1,2,1
440,OC(C(=O)N[C@@H]1CC[C@@H](CCN2CCN(CC2)c3nccc4OCCc34)CC1)C(F)(F)F,0.683125572,2.1268,456.509,0,1,2,1
441,OC(CCNC(=O)c1cc2cc(I)ccc2[nH]1)CN3CCN(CC3)c4cccc(Cl)c4Cl,0.359372031,4.3823,587.289,0,1,2,1
442,OC(CCNC(=O)c1ccc2Cc3ccccc3c2c1)CN4CCN(CC4)c5cccc(Cl)c5Cl,0.372806974,4.8676,510.465,0,1,2,1
443,OC(CCNC(=O)c1ccc2c(Cc3ccccc23)c1)CN4CCN(CC4)c5cccc(Cl)c5Cl,0.372806974,4.8676,510.465,0,1,2,1
444,OC(CCNC(=O)c1cnc2ccc(F)cc2c1)CN3CCN(CC3)c4cccc(Cl)c4Cl,0.523581841,3.9837,491.394,0,1,2,1
445,OC(CCNCc1ccc2c(Cc3ccccc23)c1)CN4CCN(CC4)c5cccc(Cl)c5Cl,0.32805796,5.2274,496.482,0,1,2,1
446,OC1(CC1)C(=O)N[C@@H]2CC[C@@H](CCN3CCC(CC3)c4cccc5OCCc45)CC2,0.751894749,3.3909,412.574,0,1,2,1
447,OC1(CC1)C(=O)N[C@@H]2CC[C@@H](CCN3CCC(CC3)c4noc5cc(F)ccc45)CC2,0.731508979,3.7363,429.536,0,1,2,1
448,OC1(CC1)C(=O)N[C@@H]2CC[C@@H](CCN3CCN(CC3)c4cccc5OCOc45)CC2,0.741574386,2.1273,415.534,0,1,2,1
449,OC1(CC2CCC(C1)N2CCCOc3ccc(F)cc3)c4ccc(Cl)cc4,0.722634877,4.7626,389.898,0,1,2,1
450,OC1(CC2CCC(C1)N2CCCSc3ccccc3F)c4ccc(Cl)cc4,0.508372177,5.4759,405.966,0,1,2,1
451,OC1(CC2CCC(C1)N2Cc3ccc(F)cc3)c4ccc(Cl)cc4,0.885320909,4.4937,345.845,0,1,2,1
452,OC1(CCN(CCCC(=O)c2cc3CCc4ccc(CCc2cc3)cc4)CC1)c5ccc(Cl)cc5,0.422482064,6.1703,488.071,0,1,2,1
453,OC1(CCN(CCCCc2nc3ccccc3s2)CC1)c4ccc(Cl)cc4,0.573383693,5.256,400.975,0,1,2,1
454,OC1(CCN(Cc2c[nH]c3ccccc23)CC1)c4cccc(Cl)c4,0.745597833,4.3049,340.854,0,1,2,1
455,OC1(CCN(Cc2c[nH]c3ccccc23)CC1)c4cccc(Cl)c4Cl,0.679411499,4.9583,375.299,0,1,2,1
456,OC1(CCN(Cc2coc3ccccc23)CC1)c4ccc(Cl)cc4,0.757761847,4.5698,341.838,0,1,2,1
457,OC1(CCN(Cc2coc3ccccc23)CC1)c4ccc(I)cc4,0.617589466,4.521,433.289,0,1,2,1
458,OC1(CCN(Cc2oc3ccccc3c2)CC1)c4ccc(I)cc4,0.617589466,4.521,433.289,0,1,2,1
459,OC1(C[C@H]2CC[C@@H](C1)N2CCCCC(=O)c3nc4ccccc4s3)c5ccc(Cl)cc5,0.360840216,5.8173,455.023,0,1,2,1
460,OC1(C[C@H]2CC[C@@H](C1)N2CCCOc3ccc(F)cc3)c4ccc(Cl)cc4,0.722634877,4.7626,389.898,0,1,2,1
461,OCC(=O)N[C@@H]1CC[C@@H](CCN2CCC(CC2)c3cccc4OCCc34)CC1,0.789233543,2.8583,386.536,0,1,2,1
462,OCC(=O)N[C@@H]1CC[C@@H](CCN2CCC(CC2)c3cccc4OCOc34)CC1,0.784008877,2.6521,388.508,0,1,2,1
463,OCC(=O)N[C@@H]1CC[C@@H](CCN2CCC(CC2)c3noc4cc(Cl)ccc34)CC1,0.745575001,3.718,419.953,0,1,2,1
464,OCC(=O)N[C@@H]1CC[C@@H](CCN2CCC(CC2)c3noc4cc(F)c(F)cc34)CC1,0.748048802,3.3428,421.488,0,1,2,1
465,OCC(=O)N[C@@H]1CC[C@@H](CCN2CCN(CC2)c3nccc4OCCc34)CC1,0.762486247,1.1959,388.512,0,1,2,1
466,OCC(=O)N[C@@H]1CC[C@@H](CCN2CCN(CC2)c3nccc4sccc34)CC1,0.776954015,2.4757,402.564,0,1,2,1
467,OCC1(CCN(Cc2c[nH]c3ccccc23)CC1)c4ccc(Cl)cc4,0.730842794,4.3474,354.881,0,1,2,1
468,OCCC(=O)N[C@@H]1CC[C@@H](CCN2CCC(CC2)c3cccc4OCCc34)CC1,0.737588938,3.2484,400.563,0,1,2,1
469,OCCC(=O)N[C@@H]1CC[C@@H](CCN2CCC(CC2)c3noc4cc(F)c(F)cc34)CC1,0.692925941,3.7329,435.515,0,1,2,1
470,OCCC(=O)N[C@@H]1CC[C@@H](CCN2CCN(CC2)c3nccc4occc34)CC1,0.742778982,2.3973,400.523,0,1,2,1
471,OCCCCCC1CCN(CCCN2C(=O)CCc3ccccc23)CC1,0.685812703,3.6206,358.526,0,1,2,1
472,OCCN1CCN(CCCN2c3ccccc3Sc4ccc(cc24)C(F)(F)F)CC1,0.727811547,4.3081,437.531,0,1,2,1
473,OCCSSCCOc1ccc(cc1)C(=O)CCCN2CCC(O)(CC2)c3ccc(Cl)cc3,0.222536708,5.039,510.121,0,1,2,1
474,OC[C@@H]1C[C@@H](CC(=O)N[C@@H]2CC[C@@H](CCN3CCN(CC3)c4cccc5OCOc45)CC2)C1,0.625239428,3.011,457.615,0,1,2,1
475,O[C@@H](CCNC(=O)c1cc2ccccc2[nH]1)CN3CCN(CC3)c4cccc(Cl)c4Cl,0.501093921,3.7777,461.393,0,1,2,1
476,O[C@@H](CCNC(=O)c1cnc2ccccc2c1)CN3CCN(CC3)c4cccc(Cl)c4Cl,0.54598069,3.8446,473.404,0,1,2,1
477,O[C@@H](CN[C@@H]1CCC[C@@H]1C2CCCC2)c3ccc(O)c4NC(=O)Sc34,0.657530502,3.2771,362.495,0,1,2,1
478,O[C@@H](CN[C@@H]1CCC[C@@H]1CCc2ccccc2)c3ccc(O)c4NC(=O)Sc34,0.488643932,3.7197,398.528,0,1,2,1
479,O[C@@H](COc1ccccc1)CN2CCC(CC2)Oc3ccccc3,0.848841344,2.9697,327.424,0,1,2,1
480,O[C@H](C(=O)N[C@@H]1CC[C@@H](CCN2CCC(CC2)c3cccc4OCOc34)CC1)C(F)(F)F,0.68488518,3.583,456.505,0,1,2,1
481,O[C@H](CC(=O)N[C@@H]1CC[C@@H](CCN2CCC(CC2)c3cccc4OCCc34)CC1)C(F)(F)F,0.630445772,4.1793,468.56,0,1,2,1
482,O[C@H](CC(=O)N[C@@H]1CC[C@@H](CCN2CCC(CC2)c3coc4ccccc34)CC1)C(F)(F)F,0.603456553,4.9906,466.544,0,1,2,1
483,O[C@]1(C[C@H]2CC[C@@H](C1)N2Cc3c[nH]c4ccccc34)c5cccc(Cl)c5Cl,0.609361449,5.4893,401.337,0,1,2,1
484,O[C@]1(C[C@H]2CC[C@@H](C1)N2Cc3coc4ccccc34)c5ccc(Br)cc5,0.641828839,5.2099,412.327,0,1,2,1
485,O[C@]1(C[C@H]2CC[C@@H](C1)N2Cc3coc4ccccc34)c5cccc(Cl)c5Cl,0.605795855,5.7542,402.321,0,1,2,1
486,O[C@]1(C[C@H]2CC[C@@H](C1)N2Cc3csc4ccccc34)c5cccc(Cl)c5Cl,0.545704531,6.2227,418.389,0,1,2,1
487,O\N=C\c1cc2cc(OCCCCN3CCN(CC3)c4cccc(Cl)c4Cl)ccn2n1,0.232308381,4.4304,462.381,0,1,2,1
488,O\N=C\c1cnn2ccc(OCCCCN3CCN(CC3)c4ccc(O)c5NC(=O)C=Cc45)cc12,0.154834252,2.6707,476.537,0,1,2,1
489,Oc1cc2OCC3NCc4ccccc4C3c2cc1O,0.640896626,2.0939,269.3,0,1,2,1
490,Oc1ccc(N2CCCN(CCCCOc3ccc4CCC(=O)Nc4c3)CC2)c5C=CC(=O)Nc15,0.451857699,3.4897,476.577,0,1,2,1
491,Oc1ccc(N2CCCN(CCCCOc3ccc4CCC(=O)Nc4c3)CC2)c5C=CC(=O)Oc15,0.395244455,3.7546,477.561,0,1,2,1
